customer_id,recommended_product,priority,propensity_score,monthly_income,rent_amount,existing_emi,liquid_assets,eligible_loan,eligible_emi,downpayment_gap,reason
CUST107511,Home Loan - Hot Lead,Very High,0.987,123400.0,50600.0,0.0,3039700.0,7680000.0,67900.0,-1120000.0,"Pays Rs 50,600 rent (41% of income). Qualifies for about Rs 76.8L at an EMI of Rs 67,900, and already holds Rs 30.4L with us for the down payment."
CUST105116,Home Loan + Save-up Plan,High,0.987,60700.0,12500.0,16500.0,77600.0,1567000.0,13800.0,314000.0,Strong intent but Rs 3.1L short on the down payment. Start an RD or SIP now and they are loan-ready in a longer horizon. Keeps the customer with us instead of losing them to a competitor.
CUST103116,Home Loan - Hot Lead,Very High,0.986,67400.0,24300.0,7100.0,2373100.0,2629000.0,23200.0,-1716000.0,"Pays Rs 24,300 rent (36% of income). Qualifies for about Rs 26.3L at an EMI of Rs 23,200, and already holds Rs 23.7L with us for the down payment."
CUST104106,Home Loan - Hot Lead,Very High,0.986,98100.0,26700.0,8100.0,5027700.0,4634000.0,41000.0,-3870000.0,"Pays Rs 26,700 rent (27% of income). Qualifies for about Rs 46.3L at an EMI of Rs 41,000, and already holds Rs 50.3L with us for the down payment."
CUST100725,Home Loan - Hot Lead,Very High,0.984,97900.0,22300.0,21400.0,1970400.0,3118000.0,27600.0,-1190000.0,"Pays Rs 22,300 rent (23% of income). Qualifies for about Rs 31.2L at an EMI of Rs 27,600, and already holds Rs 19.7L with us for the down payment."
CUST101704,Home Loan - Hot Lead,Very High,0.981,184500.0,73100.0,0.0,5954500.0,11483000.0,101500.0,-3084000.0,"Pays Rs 73,100 rent (40% of income). Qualifies for about Rs 114.8L at an EMI of Rs 101,500, and already holds Rs 59.5L with us for the down payment."
CUST100497,Home Loan - Hot Lead,Very High,0.98,38100.0,7700.0,5200.0,551400.0,1567000.0,13800.0,-159000.0,"Pays Rs 7,700 rent (20% of income). Qualifies for about Rs 15.7L at an EMI of Rs 13,800, and already holds Rs 5.5L with us for the down payment."
CUST100886,Home Loan - Hot Lead,Very High,0.979,132800.0,55400.0,13900.0,3376400.0,6692000.0,59100.0,-1703000.0,"Pays Rs 55,400 rent (42% of income). Qualifies for about Rs 66.9L at an EMI of Rs 59,100, and already holds Rs 33.8L with us for the down payment."
CUST101258,Relationship Deepening,Low,0.977,40600.0,0.0,0.0,1516100.0,2297000.0,20300.0,-942000.0,No strong signal yet. Keep engaged through card or insurance cross-sell and re-score next quarter.
CUST104091,Relationship Deepening,Low,0.974,164700.0,0.0,13100.0,5019000.0,7836000.0,69200.0,-3060000.0,No strong signal yet. Keep engaged through card or insurance cross-sell and re-score next quarter.
CUST100898,Home Loan - Hot Lead,Very High,0.973,98800.0,40800.0,0.0,3141500.0,5031000.0,44500.0,-1884000.0,"Pays Rs 40,800 rent (41% of income). Qualifies for about Rs 50.3L at an EMI of Rs 44,500, and already holds Rs 31.4L with us for the down payment."
CUST102857,Home Loan - Hot Lead,Very High,0.973,74200.0,15600.0,8000.0,1822500.0,2873000.0,25400.0,-1104000.0,"Pays Rs 15,600 rent (21% of income). Qualifies for about Rs 28.7L at an EMI of Rs 25,400, and already holds Rs 18.2L with us for the down payment."
CUST100067,Home Loan - Hot Lead,Very High,0.972,55000.0,10400.0,0.0,1677400.0,3112000.0,27500.0,-899000.0,"Pays Rs 10,400 rent (19% of income). Qualifies for about Rs 31.1L at an EMI of Rs 27,500, and already holds Rs 16.8L with us for the down payment."
CUST105898,Home Loan - Hot Lead,Very High,0.972,26100.0,4400.0,2100.0,747500.0,1239000.0,11000.0,-438000.0,"Pays Rs 4,400 rent (17% of income). Qualifies for about Rs 12.4L at an EMI of Rs 11,000, and already holds Rs 7.5L with us for the down payment."
CUST102377,Home Loan - Hot Lead,Very High,0.97,47700.0,16700.0,8400.0,2638500.0,1748000.0,15400.0,-2202000.0,"Pays Rs 16,700 rent (35% of income). Qualifies for about Rs 17.5L at an EMI of Rs 15,400, and already holds Rs 26.4L with us for the down payment."
CUST107632,Home Loan - Hot Lead,Very High,0.969,63200.0,16300.0,0.0,2478300.0,3576000.0,31600.0,-1584000.0,"Pays Rs 16,300 rent (26% of income). Qualifies for about Rs 35.8L at an EMI of Rs 31,600, and already holds Rs 24.8L with us for the down payment."
CUST103742,Home Loan - Hot Lead,Very High,0.968,50100.0,17800.0,0.0,1461400.0,2835000.0,25000.0,-752000.0,"Pays Rs 17,800 rent (36% of income). Qualifies for about Rs 28.4L at an EMI of Rs 25,000, and already holds Rs 14.6L with us for the down payment."
CUST104268,Home Loan - Hot Lead,Very High,0.967,55000.0,10200.0,4200.0,3124300.0,2325000.0,20600.0,-2543000.0,"Pays Rs 10,200 rent (18% of income). Qualifies for about Rs 23.2L at an EMI of Rs 20,600, and already holds Rs 31.2L with us for the down payment."
CUST107321,Home Loan - Hot Lead,Very High,0.967,25000.0,6200.0,0.0,1221400.0,1273000.0,11200.0,-903000.0,"Pays Rs 6,200 rent (25% of income). Qualifies for about Rs 12.7L at an EMI of Rs 11,200, and already holds Rs 12.2L with us for the down payment."
CUST101930,Relationship Deepening,Low,0.966,73700.0,0.0,0.0,2543200.0,4170000.0,36800.0,-1501000.0,No strong signal yet. Keep engaged through card or insurance cross-sell and re-score next quarter.
CUST107771,Home Loan - Hot Lead,Very High,0.964,39100.0,5900.0,3400.0,1062000.0,1828000.0,16200.0,-605000.0,"Pays Rs 5,900 rent (15% of income). Qualifies for about Rs 18.3L at an EMI of Rs 16,200, and already holds Rs 10.6L with us for the down payment."
CUST104282,Home Loan - Hot Lead,Very High,0.964,40300.0,13400.0,10900.0,1129000.0,1047000.0,9200.0,-867000.0,"Pays Rs 13,400 rent (33% of income). Qualifies for about Rs 10.5L at an EMI of Rs 9,200, and already holds Rs 11.3L with us for the down payment."
CUST100871,Home Loan - Hot Lead,Very High,0.964,133500.0,46000.0,14300.0,7722000.0,5935000.0,52400.0,-6238000.0,"Pays Rs 46,000 rent (34% of income). Qualifies for about Rs 59.4L at an EMI of Rs 52,400, and already holds Rs 77.2L with us for the down payment."
CUST100461,Top-up Loan,Medium,0.963,51600.0,13800.0,6300.0,1459100.0,2207000.0,19500.0,-907000.0,Existing home loan with a clean repayment record and room under the FOIR cap. Eligible for a top-up.
CUST106462,Home Loan - Hot Lead,Very High,0.962,154900.0,45900.0,0.0,5769900.0,9641000.0,85200.0,-3360000.0,"Pays Rs 45,900 rent (30% of income). Qualifies for about Rs 96.4L at an EMI of Rs 85,200, and already holds Rs 57.7L with us for the down payment."
CUST101145,Relationship Deepening,Low,0.961,112200.0,0.0,0.0,4449500.0,6983000.0,61700.0,-2704000.0,No strong signal yet. Keep engaged through card or insurance cross-sell and re-score next quarter.
CUST107686,Home Loan - Hot Lead,Very High,0.961,56200.0,15200.0,5200.0,1459000.0,2591000.0,22900.0,-811000.0,"Pays Rs 15,200 rent (27% of income). Qualifies for about Rs 25.9L at an EMI of Rs 22,900, and already holds Rs 14.6L with us for the down payment."
CUST101440,Home Loan - Hot Lead,Very High,0.96,186600.0,62400.0,0.0,4963400.0,11614000.0,102600.0,-2059000.0,"Pays Rs 62,400 rent (33% of income). Qualifies for about Rs 116.1L at an EMI of Rs 102,600, and already holds Rs 49.6L with us for the down payment."
CUST104777,Home Loan - Hot Lead,Very High,0.958,138400.0,47600.0,0.0,5483800.0,8614000.0,76100.0,-3330000.0,"Pays Rs 47,600 rent (34% of income). Qualifies for about Rs 86.1L at an EMI of Rs 76,100, and already holds Rs 54.8L with us for the down payment."
CUST106190,Relationship Deepening,Low,0.957,80400.0,0.0,5000.0,5494200.0,3983000.0,35200.0,-4498000.0,No strong signal yet. Keep engaged through card or insurance cross-sell and re-score next quarter.
CUST106475,Home Loan - Hot Lead,Very High,0.957,43300.0,16500.0,6300.0,1803100.0,1492000.0,13200.0,-1430000.0,"Pays Rs 16,500 rent (38% of income). Qualifies for about Rs 14.9L at an EMI of Rs 13,200, and already holds Rs 18.0L with us for the down payment."
CUST101203,Home Loan - Hot Lead,Very High,0.957,130600.0,27300.0,12500.0,3926100.0,5975000.0,52800.0,-2432000.0,"Pays Rs 27,300 rent (21% of income). Qualifies for about Rs 59.8L at an EMI of Rs 52,800, and already holds Rs 39.3L with us for the down payment."
CUST106778,Home Loan - Hot Lead,Very High,0.956,131300.0,37200.0,10600.0,4807900.0,6972000.0,61600.0,-3065000.0,"Pays Rs 37,200 rent (28% of income). Qualifies for about Rs 69.7L at an EMI of Rs 61,600, and already holds Rs 48.1L with us for the down payment."
CUST107583,Home Loan - Hot Lead,Very High,0.955,85200.0,26500.0,0.0,2879500.0,4821000.0,42600.0,-1674000.0,"Pays Rs 26,500 rent (31% of income). Qualifies for about Rs 48.2L at an EMI of Rs 42,600, and already holds Rs 28.8L with us for the down payment."
CUST105745,Relationship Deepening,Low,0.955,73200.0,0.0,0.0,2616000.0,3727000.0,32900.0,-1684000.0,No strong signal yet. Keep engaged through card or insurance cross-sell and re-score next quarter.
CUST101250,Home Loan - Hot Lead,Very High,0.955,37000.0,14300.0,4600.0,1112600.0,1573000.0,13900.0,-720000.0,"Pays Rs 14,300 rent (39% of income). Qualifies for about Rs 15.7L at an EMI of Rs 13,900, and already holds Rs 11.1L with us for the down payment."
CUST101506,Relationship Deepening,Low,0.954,77900.0,0.0,0.0,1855700.0,4408000.0,39000.0,-754000.0,No strong signal yet. Keep engaged through card or insurance cross-sell and re-score next quarter.
CUST101239,Home Loan - Hot Lead,Very High,0.954,31800.0,9700.0,0.0,1369800.0,1799000.0,15900.0,-920000.0,"Pays Rs 9,700 rent (30% of income). Qualifies for about Rs 18.0L at an EMI of Rs 15,900, and already holds Rs 13.7L with us for the down payment."
CUST102920,Home Loan - Hot Lead,Very High,0.954,131200.0,18200.0,12300.0,3627600.0,6031000.0,53300.0,-2120000.0,"Pays Rs 18,200 rent (14% of income). Qualifies for about Rs 60.3L at an EMI of Rs 53,300, and already holds Rs 36.3L with us for the down payment."
CUST104219,Home Loan - Hot Lead,Very High,0.954,42700.0,13500.0,0.0,2088800.0,2416000.0,21400.0,-1485000.0,"Pays Rs 13,500 rent (32% of income). Qualifies for about Rs 24.2L at an EMI of Rs 21,400, and already holds Rs 20.9L with us for the down payment."
CUST100482,Home Loan - Hot Lead,Very High,0.954,64800.0,26400.0,0.0,2410100.0,3300000.0,29200.0,-1585000.0,"Pays Rs 26,400 rent (41% of income). Qualifies for about Rs 33.0L at an EMI of Rs 29,200, and already holds Rs 24.1L with us for the down payment."
CUST101555,Home Loan - Hot Lead,Very High,0.953,55000.0,19700.0,0.0,2339200.0,2801000.0,24800.0,-1639000.0,"Pays Rs 19,700 rent (36% of income). Qualifies for about Rs 28.0L at an EMI of Rs 24,800, and already holds Rs 23.4L with us for the down payment."
CUST101910,Home Loan - Hot Lead,Very High,0.953,44100.0,13100.0,8400.0,913000.0,1545000.0,13600.0,-527000.0,"Pays Rs 13,100 rent (30% of income). Qualifies for about Rs 15.4L at an EMI of Rs 13,600, and already holds Rs 9.1L with us for the down payment."
CUST104660,Home Loan - Hot Lead,Very High,0.953,43600.0,6000.0,0.0,2255900.0,2467000.0,21800.0,-1639000.0,"Pays Rs 6,000 rent (14% of income). Qualifies for about Rs 24.7L at an EMI of Rs 21,800, and already holds Rs 22.6L with us for the down payment."
CUST103529,Home Loan - Hot Lead,Very High,0.953,64700.0,16200.0,3500.0,2764600.0,3265000.0,28800.0,-1949000.0,"Pays Rs 16,200 rent (25% of income). Qualifies for about Rs 32.6L at an EMI of Rs 28,800, and already holds Rs 27.6L with us for the down payment."
CUST101398,Home Loan - Hot Lead,Very High,0.952,97400.0,39500.0,4400.0,1140700.0,5013000.0,44300.0,112000.0,"Pays Rs 39,500 rent (41% of income). Qualifies for about Rs 50.1L at an EMI of Rs 44,300, and already holds Rs 11.4L with us for the down payment."
CUST103820,Home Loan - Hot Lead,Very High,0.952,31600.0,13000.0,3200.0,1119200.0,1426000.0,12600.0,-763000.0,"Pays Rs 13,000 rent (41% of income). Qualifies for about Rs 14.3L at an EMI of Rs 12,600, and already holds Rs 11.2L with us for the down payment."
CUST105472,Home Loan - Hot Lead,Very High,0.951,77900.0,15800.0,7600.0,1599900.0,3548000.0,31400.0,-713000.0,"Pays Rs 15,800 rent (20% of income). Qualifies for about Rs 35.5L at an EMI of Rs 31,400, and already holds Rs 16.0L with us for the down payment."
CUST107270,Relationship Deepening,Low,0.951,25600.0,0.0,5600.0,632700.0,815000.0,7200.0,-429000.0,No strong signal yet. Keep engaged through card or insurance cross-sell and re-score next quarter.
CUST107853,Home Loan - Hot Lead,Very High,0.951,65800.0,17800.0,4100.0,2249800.0,3259000.0,28800.0,-1435000.0,"Pays Rs 17,800 rent (27% of income). Qualifies for about Rs 32.6L at an EMI of Rs 28,800, and already holds Rs 22.5L with us for the down payment."
CUST104876,Home Loan - Hot Lead,Very High,0.95,214200.0,53100.0,0.0,9827800.0,12119000.0,107100.0,-6798000.0,"Pays Rs 53,100 rent (25% of income). Qualifies for about Rs 121.2L at an EMI of Rs 107,100, and already holds Rs 98.3L with us for the down payment."
CUST106628,Home Loan - Hot Lead,Very High,0.95,39900.0,11400.0,0.0,815200.0,2032000.0,18000.0,-307000.0,"Pays Rs 11,400 rent (29% of income). Qualifies for about Rs 20.3L at an EMI of Rs 18,000, and already holds Rs 8.2L with us for the down payment."
CUST105617,Home Loan + Save-up Plan,High,0.949,121000.0,47300.0,9000.0,243500.0,6512000.0,57600.0,1384000.0,Strong intent but Rs 13.8L short on the down payment. Start an RD or SIP now and they are loan-ready in about 45 months. Keeps the customer with us instead of losing them to a competitor.
CUST102459,Home Loan - Hot Lead,Very High,0.948,57400.0,18700.0,2600.0,1274400.0,2629000.0,23200.0,-617000.0,"Pays Rs 18,700 rent (33% of income). Qualifies for about Rs 26.3L at an EMI of Rs 23,200, and already holds Rs 12.7L with us for the down payment."
CUST100449,Home Loan - Hot Lead,Very High,0.948,93100.0,25900.0,8500.0,4088400.0,4306000.0,38000.0,-3012000.0,"Pays Rs 25,900 rent (28% of income). Qualifies for about Rs 43.1L at an EMI of Rs 38,000, and already holds Rs 40.9L with us for the down payment."
CUST100707,Home Loan - Hot Lead,Very High,0.948,214800.0,81100.0,10400.0,6054000.0,12192000.0,107700.0,-3006000.0,"Pays Rs 81,100 rent (38% of income). Qualifies for about Rs 121.9L at an EMI of Rs 107,700, and already holds Rs 60.5L with us for the down payment."
CUST105464,Home Loan - Hot Lead,Very High,0.947,35600.0,9200.0,0.0,1494800.0,2014000.0,17800.0,-991000.0,"Pays Rs 9,200 rent (26% of income). Qualifies for about Rs 20.1L at an EMI of Rs 17,800, and already holds Rs 14.9L with us for the down payment."
CUST104630,Home Loan - Hot Lead,Very High,0.947,25000.0,8000.0,1100.0,1033700.0,1149000.0,10200.0,-747000.0,"Pays Rs 8,000 rent (32% of income). Qualifies for about Rs 11.5L at an EMI of Rs 10,200, and already holds Rs 10.3L with us for the down payment."
CUST104360,Home Loan - Hot Lead,Very High,0.947,43500.0,8000.0,0.0,1753200.0,2461000.0,21800.0,-1138000.0,"Pays Rs 8,000 rent (18% of income). Qualifies for about Rs 24.6L at an EMI of Rs 21,800, and already holds Rs 17.5L with us for the down payment."
CUST105469,Home Loan - Hot Lead,Very High,0.947,55600.0,7200.0,5000.0,1648100.0,2265000.0,20000.0,-1082000.0,"Pays Rs 7,200 rent (13% of income). Qualifies for about Rs 22.6L at an EMI of Rs 20,000, and already holds Rs 16.5L with us for the down payment."
CUST103416,Home Loan - Hot Lead,Very High,0.947,61900.0,24100.0,5700.0,1992300.0,2857000.0,25200.0,-1278000.0,"Pays Rs 24,100 rent (39% of income). Qualifies for about Rs 28.6L at an EMI of Rs 25,200, and already holds Rs 19.9L with us for the down payment."
CUST101003,Home Loan - Hot Lead,Very High,0.946,102300.0,29900.0,0.0,3812400.0,5788000.0,51200.0,-2365000.0,"Pays Rs 29,900 rent (29% of income). Qualifies for about Rs 57.9L at an EMI of Rs 51,200, and already holds Rs 38.1L with us for the down payment."
CUST104510,Home Loan - Hot Lead,Very High,0.946,82100.0,29200.0,12500.0,738000.0,3231000.0,28600.0,70000.0,"Pays Rs 29,200 rent (36% of income). Qualifies for about Rs 32.3L at an EMI of Rs 28,600, and already holds Rs 7.4L with us for the down payment."
CUST107147,Home Loan - Hot Lead,Very High,0.946,28100.0,3600.0,2100.0,517300.0,1352000.0,12000.0,-179000.0,"Pays Rs 3,600 rent (13% of income). Qualifies for about Rs 13.5L at an EMI of Rs 12,000, and already holds Rs 5.2L with us for the down payment."
CUST103270,Home Loan - Hot Lead,Very High,0.945,40200.0,5900.0,0.0,995400.0,2274000.0,20100.0,-427000.0,"Pays Rs 5,900 rent (15% of income). Qualifies for about Rs 22.7L at an EMI of Rs 20,100, and already holds Rs 10.0L with us for the down payment."
CUST101298,Home Loan - Hot Lead,Very High,0.945,139100.0,25800.0,0.0,8469500.0,8657000.0,76500.0,-6306000.0,"Pays Rs 25,800 rent (18% of income). Qualifies for about Rs 86.6L at an EMI of Rs 76,500, and already holds Rs 84.7L with us for the down payment."
CUST103516,Home Loan - Hot Lead,Very High,0.945,44900.0,17000.0,2400.0,2211600.0,2269000.0,20000.0,-1645000.0,"Pays Rs 17,000 rent (38% of income). Qualifies for about Rs 22.7L at an EMI of Rs 20,000, and already holds Rs 22.1L with us for the down payment."
CUST100385,Home Loan - Hot Lead,Very High,0.944,91900.0,17700.0,0.0,1857300.0,4680000.0,41400.0,-687000.0,"Pays Rs 17,700 rent (19% of income). Qualifies for about Rs 46.8L at an EMI of Rs 41,400, and already holds Rs 18.6L with us for the down payment."
CUST105320,Home Loan - Hot Lead,Very High,0.944,108000.0,27600.0,23100.0,3757700.0,3497000.0,30900.0,-2884000.0,"Pays Rs 27,600 rent (26% of income). Qualifies for about Rs 35.0L at an EMI of Rs 30,900, and already holds Rs 37.6L with us for the down payment."
CUST101238,Home Loan - Hot Lead,Very High,0.944,86500.0,12400.0,16500.0,1106600.0,3027000.0,26800.0,-350000.0,"Pays Rs 12,400 rent (14% of income). Qualifies for about Rs 30.3L at an EMI of Rs 26,800, and already holds Rs 11.1L with us for the down payment."
CUST107530,Home Loan - Hot Lead,Very High,0.944,63700.0,20500.0,0.0,3057100.0,3604000.0,31800.0,-2156000.0,"Pays Rs 20,500 rent (32% of income). Qualifies for about Rs 36.0L at an EMI of Rs 31,800, and already holds Rs 30.6L with us for the down payment."
CUST104983,Home Loan - Hot Lead,Very High,0.943,56400.0,10700.0,2800.0,2145300.0,2555000.0,22600.0,-1506000.0,"Pays Rs 10,700 rent (19% of income). Qualifies for about Rs 25.6L at an EMI of Rs 22,600, and already holds Rs 21.5L with us for the down payment."
CUST100739,Home Loan - Hot Lead,Very High,0.943,67300.0,26800.0,0.0,2972900.0,3427000.0,30300.0,-2116000.0,"Pays Rs 26,800 rent (40% of income). Qualifies for about Rs 34.3L at an EMI of Rs 30,300, and already holds Rs 29.7L with us for the down payment."
CUST106325,Home Loan + Save-up Plan,High,0.943,68000.0,28500.0,3000.0,504600.0,3508000.0,31000.0,372000.0,Strong intent but Rs 3.7L short on the down payment. Start an RD or SIP now and they are loan-ready in about 58 months. Keeps the customer with us instead of losing them to a competitor.
CUST102103,Relationship Deepening,Low,0.943,52800.0,0.0,9900.0,902000.0,1867000.0,16500.0,-435000.0,No strong signal yet. Keep engaged through card or insurance cross-sell and re-score next quarter.
CUST103331,Home Loan - Hot Lead,Very High,0.943,34100.0,10700.0,0.0,1408700.0,1736000.0,15300.0,-975000.0,"Pays Rs 10,700 rent (31% of income). Qualifies for about Rs 17.4L at an EMI of Rs 15,300, and already holds Rs 14.1L with us for the down payment."
CUST105035,Home Loan - Hot Lead,Very High,0.942,99300.0,20400.0,6400.0,1717500.0,4332000.0,38300.0,-634000.0,"Pays Rs 20,400 rent (20% of income). Qualifies for about Rs 43.3L at an EMI of Rs 38,300, and already holds Rs 17.2L with us for the down payment."
CUST103927,Top-up Loan,Medium,0.942,98000.0,25300.0,11500.0,2880300.0,4243000.0,37500.0,-1819000.0,Existing home loan with a clean repayment record and room under the FOIR cap. Eligible for a top-up.
CUST103296,Home Loan - Hot Lead,Very High,0.942,90600.0,31700.0,12700.0,2173000.0,3176000.0,28100.0,-1379000.0,"Pays Rs 31,700 rent (35% of income). Qualifies for about Rs 31.8L at an EMI of Rs 28,100, and already holds Rs 21.7L with us for the down payment."
CUST102081,Balance Transfer,Very High,0.942,207800.0,49100.0,0.0,5680200.0,12933000.0,114300.0,-2447000.0,"Paying 10.29% elsewhere. Switching to 8.6% saves about Rs 9,109 a month (Rs 21.9L over the tenure)."
CUST103286,Credit Health Fix,Medium,0.941,103400.0,12600.0,8700.0,3393900.0,3930000.0,34700.0,-2412000.0,"Interested, but FOIR is 12% and card utilisation 22%. Consolidate the card debt first, then revisit in 2 quarters."
CUST100934,Home Loan - Hot Lead,Very High,0.941,53200.0,19200.0,0.0,2402700.0,2709000.0,23900.0,-1726000.0,"Pays Rs 19,200 rent (36% of income). Qualifies for about Rs 27.1L at an EMI of Rs 23,900, and already holds Rs 24.0L with us for the down payment."
CUST105209,Home Loan - Hot Lead,Very High,0.939,35700.0,8300.0,0.0,1541800.0,1818000.0,16100.0,-1088000.0,"Pays Rs 8,300 rent (23% of income). Qualifies for about Rs 18.2L at an EMI of Rs 16,100, and already holds Rs 15.4L with us for the down payment."
CUST103339,Relationship Deepening,Low,0.939,53700.0,0.0,15400.0,1106300.0,992000.0,8800.0,-858000.0,No strong signal yet. Keep engaged through card or insurance cross-sell and re-score next quarter.
CUST105760,Relationship Deepening,Low,0.939,76000.0,0.0,0.0,2684500.0,4300000.0,38000.0,-1610000.0,No strong signal yet. Keep engaged through card or insurance cross-sell and re-score next quarter.
CUST106557,Home Loan - Hot Lead,Very High,0.938,113900.0,32600.0,23700.0,2392700.0,3763000.0,33200.0,-1452000.0,"Pays Rs 32,600 rent (29% of income). Qualifies for about Rs 37.6L at an EMI of Rs 33,200, and already holds Rs 23.9L with us for the down payment."
CUST103836,Relationship Deepening,Low,0.938,130500.0,0.0,0.0,4177600.0,8122000.0,71800.0,-2148000.0,No strong signal yet. Keep engaged through card or insurance cross-sell and re-score next quarter.
CUST106374,Home Loan - Hot Lead,Very High,0.937,68900.0,19100.0,3000.0,736600.0,3559000.0,31400.0,153000.0,"Pays Rs 19,100 rent (28% of income). Qualifies for about Rs 35.6L at an EMI of Rs 31,400, and already holds Rs 7.4L with us for the down payment."
CUST107350,Home Loan - Hot Lead,Very High,0.937,46000.0,15700.0,0.0,1657500.0,2342000.0,20700.0,-1072000.0,"Pays Rs 15,700 rent (34% of income). Qualifies for about Rs 23.4L at an EMI of Rs 20,700, and already holds Rs 16.6L with us for the down payment."
CUST101684,Home Loan - Hot Lead,Very High,0.936,82300.0,33800.0,5100.0,3349900.0,3614000.0,31900.0,-2446000.0,"Pays Rs 33,800 rent (41% of income). Qualifies for about Rs 36.1L at an EMI of Rs 31,900, and already holds Rs 33.5L with us for the down payment."
CUST102442,Home Loan - Hot Lead,Very High,0.935,72900.0,13500.0,0.0,2230000.0,3712000.0,32800.0,-1302000.0,"Pays Rs 13,500 rent (18% of income). Qualifies for about Rs 37.1L at an EMI of Rs 32,800, and already holds Rs 22.3L with us for the down payment."
CUST102640,Home Loan - Hot Lead,Very High,0.935,227900.0,52200.0,0.0,8526100.0,12894000.0,114000.0,-5302000.0,"Pays Rs 52,200 rent (23% of income). Qualifies for about Rs 128.9L at an EMI of Rs 114,000, and already holds Rs 85.3L with us for the down payment."
CUST101037,Home Loan - Hot Lead,Very High,0.935,52300.0,20500.0,0.0,1584000.0,2663000.0,23500.0,-918000.0,"Pays Rs 20,500 rent (39% of income). Qualifies for about Rs 26.6L at an EMI of Rs 23,500, and already holds Rs 15.8L with us for the down payment."
CUST104948,Relationship Deepening,Low,0.934,71400.0,0.0,12800.0,2127900.0,2591000.0,22900.0,-1480000.0,No strong signal yet. Keep engaged through card or insurance cross-sell and re-score next quarter.
CUST107492,Relationship Deepening,Low,0.934,79500.0,0.0,8600.0,2551000.0,3525000.0,31200.0,-1670000.0,No strong signal yet. Keep engaged through card or insurance cross-sell and re-score next quarter.
CUST103897,Relationship Deepening,Low,0.934,40700.0,0.0,0.0,1291400.0,2303000.0,20400.0,-715000.0,No strong signal yet. Keep engaged through card or insurance cross-sell and re-score next quarter.
CUST102874,Balance Transfer,Very High,0.933,80400.0,24200.0,0.0,3158500.0,4549000.0,40200.0,-2022000.0,"Paying 10.89% elsewhere. Switching to 8.6% saves about Rs 5,960 a month (Rs 14.3L over the tenure)."
CUST104915,Home Loan + Save-up Plan,High,0.933,59700.0,16600.0,0.0,297400.0,3378000.0,29800.0,547000.0,Strong intent but Rs 5.5L short on the down payment. Start an RD or SIP now and they are loan-ready in about 25 months. Keeps the customer with us instead of losing them to a competitor.
CUST106202,Relationship Deepening,Low,0.933,146600.0,0.0,11900.0,3114800.0,6948000.0,61400.0,-1378000.0,No strong signal yet. Keep engaged through card or insurance cross-sell and re-score next quarter.
CUST103971,Home Loan - Hot Lead,Very High,0.932,157000.0,61700.0,12000.0,3481500.0,8413000.0,74400.0,-1378000.0,"Pays Rs 61,700 rent (39% of income). Qualifies for about Rs 84.1L at an EMI of Rs 74,400, and already holds Rs 34.8L with us for the down payment."
CUST102024,Relationship Deepening,Low,0.932,83900.0,0.0,0.0,4078700.0,4747000.0,42000.0,-2892000.0,No strong signal yet. Keep engaged through card or insurance cross-sell and re-score next quarter.
CUST101185,Home Loan - Hot Lead,Very High,0.931,88900.0,31200.0,7100.0,1889400.0,3724000.0,32900.0,-958000.0,"Pays Rs 31,200 rent (35% of income). Qualifies for about Rs 37.2L at an EMI of Rs 32,900, and already holds Rs 18.9L with us for the down payment."
CUST102853,Home Loan - Hot Lead,Very High,0.931,43400.0,16300.0,2100.0,823000.0,1972000.0,17400.0,-330000.0,"Pays Rs 16,300 rent (38% of income). Qualifies for about Rs 19.7L at an EMI of Rs 17,400, and already holds Rs 8.2L with us for the down payment."
CUST101475,Relationship Deepening,Low,0.931,55100.0,17400.0,3600.0,737600.0,1900000.0,16800.0,-263000.0,Already owns a home and is fully leveraged. Cross-sell insurance or investments instead of more debt.
CUST107038,Home Loan - Hot Lead,Very High,0.93,86900.0,17000.0,0.0,3870800.0,4917000.0,43400.0,-2642000.0,"Pays Rs 17,000 rent (20% of income). Qualifies for about Rs 49.2L at an EMI of Rs 43,400, and already holds Rs 38.7L with us for the down payment."
CUST103598,Credit Health Fix,Medium,0.93,69500.0,17800.0,3900.0,2055900.0,2469000.0,21800.0,-1439000.0,"Interested, but FOIR is 7% and card utilisation 12%. Consolidate the card debt first, then revisit in 2 quarters."
CUST107699,Relationship Deepening,Low,0.93,83900.0,0.0,0.0,3367500.0,4747000.0,42000.0,-2180000.0,No strong signal yet. Keep engaged through card or insurance cross-sell and re-score next quarter.
CUST106463,Home Loan - Hot Lead,Very High,0.93,133400.0,36400.0,23800.0,5761800.0,4855000.0,42900.0,-4548000.0,"Pays Rs 36,400 rent (27% of income). Qualifies for about Rs 48.5L at an EMI of Rs 42,900, and already holds Rs 57.6L with us for the down payment."
CUST103758,Relationship Deepening,Low,0.93,110300.0,0.0,0.0,4149900.0,6865000.0,60700.0,-2434000.0,No strong signal yet. Keep engaged through card or insurance cross-sell and re-score next quarter.
CUST106518,Home Loan - Hot Lead,Very High,0.929,46000.0,8200.0,0.0,958000.0,2603000.0,23000.0,-307000.0,"Pays Rs 8,200 rent (18% of income). Qualifies for about Rs 26.0L at an EMI of Rs 23,000, and already holds Rs 9.6L with us for the down payment."
CUST107185,Home Loan - Hot Lead,Very High,0.929,70200.0,14400.0,10100.0,2998100.0,2432000.0,21500.0,-2390000.0,"Pays Rs 14,400 rent (20% of income). Qualifies for about Rs 24.3L at an EMI of Rs 21,500, and already holds Rs 30.0L with us for the down payment."
CUST100521,Top-up Loan,Medium,0.929,41100.0,13100.0,6900.0,985500.0,1545000.0,13600.0,-600000.0,Existing home loan with a clean repayment record and room under the FOIR cap. Eligible for a top-up.
CUST101552,Home Loan - Hot Lead,Very High,0.929,105800.0,12900.0,13700.0,4133100.0,5034000.0,44500.0,-2875000.0,"Pays Rs 12,900 rent (12% of income). Qualifies for about Rs 50.3L at an EMI of Rs 44,500, and already holds Rs 41.3L with us for the down payment."
CUST105120,Home Loan - Hot Lead,Very High,0.929,75100.0,21000.0,7800.0,2811800.0,3366000.0,29800.0,-1970000.0,"Pays Rs 21,000 rent (28% of income). Qualifies for about Rs 33.7L at an EMI of Rs 29,800, and already holds Rs 28.1L with us for the down payment."
CUST102704,Home Loan - Hot Lead,Very High,0.928,67200.0,27100.0,3700.0,3034500.0,3383000.0,29900.0,-2188000.0,"Pays Rs 27,100 rent (40% of income). Qualifies for about Rs 33.8L at an EMI of Rs 29,900, and already holds Rs 30.3L with us for the down payment."
CUST103274,Home Loan - Hot Lead,Very High,0.928,44200.0,15300.0,0.0,1396000.0,2501000.0,22100.0,-771000.0,"Pays Rs 15,300 rent (35% of income). Qualifies for about Rs 25.0L at an EMI of Rs 22,100, and already holds Rs 14.0L with us for the down payment."
CUST101959,Home Loan - Hot Lead,Very High,0.927,49600.0,11500.0,0.0,1046700.0,2806000.0,24800.0,-345000.0,"Pays Rs 11,500 rent (23% of income). Qualifies for about Rs 28.1L at an EMI of Rs 24,800, and already holds Rs 10.5L with us for the down payment."
CUST107005,Home Loan - Hot Lead,Very High,0.927,62000.0,15000.0,0.0,1678400.0,3157000.0,27900.0,-889000.0,"Pays Rs 15,000 rent (24% of income). Qualifies for about Rs 31.6L at an EMI of Rs 27,900, and already holds Rs 16.8L with us for the down payment."
CUST107612,Home Loan - Hot Lead,Very High,0.926,96300.0,36500.0,11500.0,3378100.0,3602000.0,31800.0,-2478000.0,"Pays Rs 36,500 rent (38% of income). Qualifies for about Rs 36.0L at an EMI of Rs 31,800, and already holds Rs 33.8L with us for the down payment."
CUST107031,Home Loan - Hot Lead,Very High,0.926,38500.0,8600.0,0.0,1101700.0,2178000.0,19200.0,-558000.0,"Pays Rs 8,600 rent (22% of income). Qualifies for about Rs 21.8L at an EMI of Rs 19,200, and already holds Rs 11.0L with us for the down payment."
CUST106873,Home Loan - Hot Lead,Very High,0.926,102900.0,18500.0,9500.0,2665300.0,5329000.0,47100.0,-1333000.0,"Pays Rs 18,500 rent (18% of income). Qualifies for about Rs 53.3L at an EMI of Rs 47,100, and already holds Rs 26.7L with us for the down payment."
CUST100333,Home Loan - Hot Lead,Very High,0.926,50300.0,14200.0,0.0,1588000.0,2561000.0,22600.0,-948000.0,"Pays Rs 14,200 rent (28% of income). Qualifies for about Rs 25.6L at an EMI of Rs 22,600, and already holds Rs 15.9L with us for the down payment."
CUST103699,Relationship Deepening,Low,0.926,29700.0,0.0,0.0,813500.0,1680000.0,14800.0,-394000.0,No strong signal yet. Keep engaged through card or insurance cross-sell and re-score next quarter.
CUST107440,Home Loan - Hot Lead,Very High,0.926,104800.0,16600.0,0.0,2902600.0,5930000.0,52400.0,-1421000.0,"Pays Rs 16,600 rent (16% of income). Qualifies for about Rs 59.3L at an EMI of Rs 52,400, and already holds Rs 29.0L with us for the down payment."
CUST105193,Home Loan - Hot Lead,Very High,0.925,42400.0,16200.0,0.0,963000.0,2399000.0,21200.0,-363000.0,"Pays Rs 16,200 rent (38% of income). Qualifies for about Rs 24.0L at an EMI of Rs 21,200, and already holds Rs 9.6L with us for the down payment."
CUST101628,Home Loan - Hot Lead,Very High,0.925,107400.0,26600.0,24300.0,3996800.0,3935000.0,34800.0,-3013000.0,"Pays Rs 26,600 rent (25% of income). Qualifies for about Rs 39.4L at an EMI of Rs 34,800, and already holds Rs 40.0L with us for the down payment."
CUST105427,Home Loan - Hot Lead,Very High,0.925,28100.0,9400.0,5600.0,656200.0,797000.0,7000.0,-457000.0,"Pays Rs 9,400 rent (34% of income). Qualifies for about Rs 8.0L at an EMI of Rs 7,000, and already holds Rs 6.6L with us for the down payment."
CUST100077,Home Loan - Hot Lead,Very High,0.925,64900.0,22100.0,3200.0,2378200.0,3310000.0,29200.0,-1550000.0,"Pays Rs 22,100 rent (34% of income). Qualifies for about Rs 33.1L at an EMI of Rs 29,200, and already holds Rs 23.8L with us for the down payment."
CUST107520,Home Loan - Hot Lead,Very High,0.925,34000.0,14000.0,3600.0,519800.0,1516000.0,13400.0,-141000.0,"Pays Rs 14,000 rent (41% of income). Qualifies for about Rs 15.2L at an EMI of Rs 13,400, and already holds Rs 5.2L with us for the down payment."
CUST105591,Home Loan - Hot Lead,Very High,0.925,85200.0,26600.0,0.0,990400.0,4821000.0,42600.0,215000.0,"Pays Rs 26,600 rent (31% of income). Qualifies for about Rs 48.2L at an EMI of Rs 42,600, and already holds Rs 9.9L with us for the down payment."
CUST107232,Relationship Deepening,Low,0.924,43300.0,0.0,12400.0,1821500.0,1047000.0,9200.0,-1560000.0,No strong signal yet. Keep engaged through card or insurance cross-sell and re-score next quarter.
CUST101916,Balance Transfer,Very High,0.924,57700.0,19300.0,2600.0,1603200.0,2970000.0,26200.0,-861000.0,"Paying 10.64% elsewhere. Switching to 8.6% saves about Rs 4,415 a month (Rs 10.6L over the tenure)."
CUST103120,Home Loan - Hot Lead,Very High,0.923,56500.0,19800.0,2900.0,2312600.0,2549000.0,22500.0,-1676000.0,"Pays Rs 19,800 rent (35% of income). Qualifies for about Rs 25.5L at an EMI of Rs 22,500, and already holds Rs 23.1L with us for the down payment."
CUST101264,Relationship Deepening,Low,0.923,44500.0,0.0,0.0,1674600.0,2518000.0,22200.0,-1045000.0,No strong signal yet. Keep engaged through card or insurance cross-sell and re-score next quarter.
CUST106075,Relationship Deepening,Low,0.922,75400.0,0.0,7700.0,3214200.0,3395000.0,30000.0,-2365000.0,No strong signal yet. Keep engaged through card or insurance cross-sell and re-score next quarter.
CUST100853,Credit Health Fix,Medium,0.922,67900.0,17200.0,3700.0,767300.0,2424000.0,21400.0,-161000.0,"Interested, but FOIR is 5% and card utilisation 0%. Consolidate the card debt first, then revisit in 2 quarters."
CUST107374,Relationship Deepening,Low,0.922,96700.0,0.0,14100.0,3788300.0,3876000.0,34200.0,-2819000.0,No strong signal yet. Keep engaged through card or insurance cross-sell and re-score next quarter.
CUST104008,Home Loan + Save-up Plan,High,0.921,84000.0,20900.0,8800.0,301900.0,3757000.0,33200.0,637000.0,Strong intent but Rs 6.4L short on the down payment. Start an RD or SIP now and they are loan-ready in about 51 months. Keeps the customer with us instead of losing them to a competitor.
CUST104767,Home Loan - Hot Lead,Very High,0.921,74600.0,30600.0,0.0,2380600.0,3799000.0,33600.0,-1431000.0,"Pays Rs 30,600 rent (41% of income). Qualifies for about Rs 38.0L at an EMI of Rs 33,600, and already holds Rs 23.8L with us for the down payment."
CUST106552,Balance Transfer,Very High,0.921,100100.0,22500.0,0.0,2242500.0,6230000.0,55100.0,-684000.0,"Paying 10.45% elsewhere. Switching to 8.6% saves about Rs 4,869 a month (Rs 11.7L over the tenure)."
CUST102400,Home Loan - Hot Lead,Very High,0.921,152200.0,46500.0,0.0,3489500.0,8611000.0,76100.0,-1336000.0,"Pays Rs 46,500 rent (31% of income). Qualifies for about Rs 86.1L at an EMI of Rs 76,100, and already holds Rs 34.9L with us for the down payment."
CUST101806,Home Loan + Save-up Plan,High,0.92,34300.0,10900.0,0.0,305300.0,1941000.0,17200.0,180000.0,Strong intent but Rs 1.8L short on the down payment. Start an RD or SIP now and they are loan-ready in about 12 months. Keeps the customer with us instead of losing them to a competitor.
CUST101445,Home Loan - Hot Lead,Very High,0.919,62000.0,24300.0,7800.0,2272300.0,2274000.0,20100.0,-1704000.0,"Pays Rs 24,300 rent (39% of income). Qualifies for about Rs 22.7L at an EMI of Rs 20,100, and already holds Rs 22.7L with us for the down payment."
CUST102880,Balance Transfer,Very High,0.919,134400.0,34500.0,12400.0,4319400.0,6962000.0,61500.0,-2579000.0,"Paying 9.02% elsewhere. Switching to 8.6% saves about Rs 1,809 a month (Rs 4.3L over the tenure)."
CUST104603,Top-up Loan,Medium,0.919,161700.0,56300.0,0.0,5991100.0,10064000.0,88900.0,-3475000.0,Existing home loan with a clean repayment record and room under the FOIR cap. Eligible for a top-up.
CUST105049,Home Loan - Hot Lead,Very High,0.919,64400.0,18000.0,0.0,1709800.0,3279000.0,29000.0,-890000.0,"Pays Rs 18,000 rent (28% of income). Qualifies for about Rs 32.8L at an EMI of Rs 29,000, and already holds Rs 17.1L with us for the down payment."
CUST106310,Home Loan - Hot Lead,Very High,0.918,86300.0,14800.0,12000.0,3574500.0,3525000.0,31200.0,-2694000.0,"Pays Rs 14,800 rent (17% of income). Qualifies for about Rs 35.2L at an EMI of Rs 31,200, and already holds Rs 35.7L with us for the down payment."
CUST105534,Home Loan - Hot Lead,Very High,0.918,51200.0,20600.0,0.0,1602400.0,2897000.0,25600.0,-878000.0,"Pays Rs 20,600 rent (40% of income). Qualifies for about Rs 29.0L at an EMI of Rs 25,600, and already holds Rs 16.0L with us for the down payment."
CUST107018,Home Loan - Hot Lead,Very High,0.917,41300.0,16000.0,0.0,1765200.0,2337000.0,20600.0,-1181000.0,"Pays Rs 16,000 rent (39% of income). Qualifies for about Rs 23.4L at an EMI of Rs 20,600, and already holds Rs 17.7L with us for the down payment."
CUST103759,Home Loan - Hot Lead,Very High,0.917,64500.0,16400.0,0.0,2453600.0,3284000.0,29000.0,-1633000.0,"Pays Rs 16,400 rent (25% of income). Qualifies for about Rs 32.8L at an EMI of Rs 29,000, and already holds Rs 24.5L with us for the down payment."
CUST107061,Top-up Loan,Medium,0.916,94100.0,37400.0,16300.0,3934300.0,2947000.0,26000.0,-3197000.0,Existing home loan with a clean repayment record and room under the FOIR cap. Eligible for a top-up.
CUST107305,Home Loan - Hot Lead,Very High,0.916,96100.0,28000.0,4900.0,2718500.0,4883000.0,43200.0,-1498000.0,"Pays Rs 28,000 rent (29% of income). Qualifies for about Rs 48.8L at an EMI of Rs 43,200, and already holds Rs 27.2L with us for the down payment."
CUST106489,Relationship Deepening,Low,0.915,110600.0,0.0,9200.0,4400500.0,5842000.0,51600.0,-2940000.0,No strong signal yet. Keep engaged through card or insurance cross-sell and re-score next quarter.
CUST103554,Credit Health Fix,Medium,0.915,114300.0,23300.0,0.0,2648700.0,5432000.0,48000.0,-1291000.0,"Interested, but FOIR is 4% and card utilisation 30%. Consolidate the card debt first, then revisit in 2 quarters."
CUST102757,Home Loan - Hot Lead,Very High,0.915,85100.0,15900.0,0.0,2783600.0,4815000.0,42600.0,-1580000.0,"Pays Rs 15,900 rent (19% of income). Qualifies for about Rs 48.1L at an EMI of Rs 42,600, and already holds Rs 27.8L with us for the down payment."
CUST103986,Home Loan - Hot Lead,Very High,0.915,76200.0,22600.0,0.0,2392200.0,4311000.0,38100.0,-1314000.0,"Pays Rs 22,600 rent (30% of income). Qualifies for about Rs 43.1L at an EMI of Rs 38,100, and already holds Rs 23.9L with us for the down payment."
CUST103727,Top-up Loan,Medium,0.913,42400.0,7800.0,0.0,1567300.0,2399000.0,21200.0,-967000.0,Existing home loan with a clean repayment record and room under the FOIR cap. Eligible for a top-up.
CUST103744,Home Loan - Hot Lead,Very High,0.912,39600.0,9100.0,6600.0,1073500.0,1494000.0,13200.0,-700000.0,"Pays Rs 9,100 rent (23% of income). Qualifies for about Rs 14.9L at an EMI of Rs 13,200, and already holds Rs 10.7L with us for the down payment."
CUST100116,Relationship Deepening,Low,0.912,57900.0,0.0,6200.0,2604400.0,2574000.0,22800.0,-1960000.0,No strong signal yet. Keep engaged through card or insurance cross-sell and re-score next quarter.
CUST100187,Relationship Deepening,Low,0.912,25000.0,0.0,4000.0,467300.0,962000.0,8500.0,-227000.0,No strong signal yet. Keep engaged through card or insurance cross-sell and re-score next quarter.
CUST102303,Home Loan - Hot Lead,Very High,0.912,74900.0,22200.0,7900.0,2082900.0,3344000.0,29600.0,-1247000.0,"Pays Rs 22,200 rent (30% of income). Qualifies for about Rs 33.4L at an EMI of Rs 29,600, and already holds Rs 20.8L with us for the down payment."
CUST105034,Home Loan + Save-up Plan,High,0.912,74500.0,28300.0,3200.0,24600.0,3853000.0,34000.0,938000.0,Strong intent but Rs 9.4L short on the down payment. Start an RD or SIP now and they are loan-ready in about 50 months. Keeps the customer with us instead of losing them to a competitor.
CUST106397,Relationship Deepening,Low,0.912,67000.0,0.0,4800.0,2385700.0,2869000.0,25400.0,-1669000.0,No strong signal yet. Keep engaged through card or insurance cross-sell and re-score next quarter.
CUST107189,Home Loan + Save-up Plan,High,0.911,60500.0,25300.0,0.0,505700.0,3423000.0,30200.0,350000.0,Strong intent but Rs 3.5L short on the down payment. Start an RD or SIP now and they are loan-ready in about 31 months. Keeps the customer with us instead of losing them to a competitor.
CUST105565,Home Loan - Hot Lead,Very High,0.91,61200.0,12100.0,2600.0,3015600.0,3168000.0,28000.0,-2224000.0,"Pays Rs 12,100 rent (20% of income). Qualifies for about Rs 31.7L at an EMI of Rs 28,000, and already holds Rs 30.2L with us for the down payment."
CUST104872,Relationship Deepening,Low,0.91,31900.0,0.0,0.0,1122900.0,1805000.0,16000.0,-672000.0,No strong signal yet. Keep engaged through card or insurance cross-sell and re-score next quarter.
CUST104655,Home Loan - Hot Lead,Very High,0.909,57700.0,22100.0,6100.0,3945500.0,2574000.0,22800.0,-3302000.0,"Pays Rs 22,100 rent (38% of income). Qualifies for about Rs 25.7L at an EMI of Rs 22,800, and already holds Rs 39.5L with us for the down payment."
CUST102525,Home Loan - Hot Lead,Very High,0.909,63000.0,9700.0,0.0,2817500.0,3565000.0,31500.0,-1926000.0,"Pays Rs 9,700 rent (15% of income). Qualifies for about Rs 35.6L at an EMI of Rs 31,500, and already holds Rs 28.2L with us for the down payment."
CUST104041,Home Loan - Hot Lead,Very High,0.909,26700.0,8000.0,7700.0,547400.0,639000.0,5600.0,-387000.0,"Pays Rs 8,000 rent (30% of income). Qualifies for about Rs 6.4L at an EMI of Rs 5,600, and already holds Rs 5.5L with us for the down payment."
CUST100341,Home Loan - Hot Lead,Very High,0.907,34800.0,10000.0,5600.0,1171200.0,1138000.0,10100.0,-887000.0,"Pays Rs 10,000 rent (29% of income). Qualifies for about Rs 11.4L at an EMI of Rs 10,100, and already holds Rs 11.7L with us for the down payment."
CUST101535,Home Loan - Hot Lead,Very High,0.907,72000.0,12800.0,10900.0,2216300.0,2840000.0,25100.0,-1506000.0,"Pays Rs 12,800 rent (18% of income). Qualifies for about Rs 28.4L at an EMI of Rs 25,100, and already holds Rs 22.2L with us for the down payment."
CUST105621,Home Loan - Hot Lead,Very High,0.907,77800.0,18900.0,0.0,2511800.0,3962000.0,35000.0,-1522000.0,"Pays Rs 18,900 rent (24% of income). Qualifies for about Rs 39.6L at an EMI of Rs 35,000, and already holds Rs 25.1L with us for the down payment."
CUST101119,Home Loan + Save-up Plan,High,0.907,43900.0,7400.0,0.0,202700.0,2484000.0,22000.0,418000.0,Strong intent but Rs 4.2L short on the down payment. Start an RD or SIP now and they are loan-ready in about 22 months. Keeps the customer with us instead of losing them to a competitor.
CUST103997,Home Loan - Hot Lead,Very High,0.906,105000.0,34400.0,9100.0,3450000.0,4911000.0,43400.0,-2222000.0,"Pays Rs 34,400 rent (33% of income). Qualifies for about Rs 49.1L at an EMI of Rs 43,400, and already holds Rs 34.5L with us for the down payment."
CUST107761,Home Loan - Hot Lead,Very High,0.905,72400.0,17900.0,4600.0,3105600.0,3166000.0,28000.0,-2314000.0,"Pays Rs 17,900 rent (25% of income). Qualifies for about Rs 31.7L at an EMI of Rs 28,000, and already holds Rs 31.1L with us for the down payment."
CUST104610,Home Loan - Hot Lead,Very High,0.905,25000.0,9700.0,0.0,1478500.0,1273000.0,11200.0,-1160000.0,"Pays Rs 9,700 rent (39% of income). Qualifies for about Rs 12.7L at an EMI of Rs 11,200, and already holds Rs 14.8L with us for the down payment."
CUST103208,Home Loan - Hot Lead,Very High,0.905,107900.0,27400.0,0.0,1634600.0,6105000.0,54000.0,-109000.0,"Pays Rs 27,400 rent (25% of income). Qualifies for about Rs 61.0L at an EMI of Rs 54,000, and already holds Rs 16.3L with us for the down payment."
CUST106714,Home Loan - Hot Lead,Very High,0.904,60000.0,19700.0,3500.0,2378400.0,2999000.0,26500.0,-1628000.0,"Pays Rs 19,700 rent (33% of income). Qualifies for about Rs 30.0L at an EMI of Rs 26,500, and already holds Rs 23.8L with us for the down payment."
CUST100494,Relationship Deepening,Low,0.904,58200.0,0.0,0.0,2246900.0,2964000.0,26200.0,-1506000.0,No strong signal yet. Keep engaged through card or insurance cross-sell and re-score next quarter.
CUST105671,Relationship Deepening,Low,0.904,84600.0,0.0,0.0,1970500.0,4787000.0,42300.0,-774000.0,No strong signal yet. Keep engaged through card or insurance cross-sell and re-score next quarter.
CUST104263,Home Loan - Hot Lead,Very High,0.903,121500.0,35100.0,5300.0,3900500.0,6962000.0,61500.0,-2160000.0,"Pays Rs 35,100 rent (29% of income). Qualifies for about Rs 69.6L at an EMI of Rs 61,500, and already holds Rs 39.0L with us for the down payment."
CUST102709,Home Loan - Hot Lead,Very High,0.903,77000.0,15300.0,6800.0,973700.0,3587000.0,31700.0,-77000.0,"Pays Rs 15,300 rent (20% of income). Qualifies for about Rs 35.9L at an EMI of Rs 31,700, and already holds Rs 9.7L with us for the down payment."
CUST102794,Home Loan - Hot Lead,Very High,0.903,70000.0,28700.0,6700.0,1426900.0,2806000.0,24800.0,-725000.0,"Pays Rs 28,700 rent (41% of income). Qualifies for about Rs 28.1L at an EMI of Rs 24,800, and already holds Rs 14.3L with us for the down payment."
CUST103136,Home Loan - Hot Lead,Very High,0.903,28800.0,10400.0,1400.0,1146100.0,1308000.0,11600.0,-819000.0,"Pays Rs 10,400 rent (36% of income). Qualifies for about Rs 13.1L at an EMI of Rs 11,600, and already holds Rs 11.5L with us for the down payment."
CUST106716,Relationship Deepening,Low,0.902,149300.0,0.0,7700.0,5021100.0,8421000.0,74400.0,-2916000.0,No strong signal yet. Keep engaged through card or insurance cross-sell and re-score next quarter.
CUST104407,Home Loan + Save-up Plan,High,0.902,51800.0,17600.0,0.0,159400.0,2931000.0,25900.0,574000.0,Strong intent but Rs 5.7L short on the down payment. Start an RD or SIP now and they are loan-ready in about 34 months. Keeps the customer with us instead of losing them to a competitor.
CUST100397,Home Loan - Hot Lead,Very High,0.901,136800.0,37900.0,0.0,4224000.0,8514000.0,75200.0,-2096000.0,"Pays Rs 37,900 rent (28% of income). Qualifies for about Rs 85.1L at an EMI of Rs 75,200, and already holds Rs 42.2L with us for the down payment."
CUST101571,Relationship Deepening,Low,0.901,112700.0,0.0,9000.0,3070300.0,5996000.0,53000.0,-1571000.0,No strong signal yet. Keep engaged through card or insurance cross-sell and re-score next quarter.
CUST102716,Balance Transfer,Very High,0.901,51000.0,0.0,0.0,1575000.0,2886000.0,25500.0,-853000.0,"Paying 10.56% elsewhere. Switching to 8.6% saves about Rs 3,175 a month (Rs 7.6L over the tenure)."
CUST106182,Home Loan - Hot Lead,Very High,0.901,87800.0,33200.0,7700.0,1542700.0,3600000.0,31800.0,-643000.0,"Pays Rs 33,200 rent (38% of income). Qualifies for about Rs 36.0L at an EMI of Rs 31,800, and already holds Rs 15.4L with us for the down payment."
CUST104641,Home Loan - Hot Lead,Very High,0.901,40600.0,9500.0,2100.0,2845200.0,2059000.0,18200.0,-2330000.0,"Pays Rs 9,500 rent (23% of income). Qualifies for about Rs 20.6L at an EMI of Rs 18,200, and already holds Rs 28.5L with us for the down payment."
CUST103713,Home Loan - Hot Lead,Very High,0.901,39800.0,14300.0,5200.0,652100.0,1663000.0,14700.0,-236000.0,"Pays Rs 14,300 rent (36% of income). Qualifies for about Rs 16.6L at an EMI of Rs 14,700, and already holds Rs 6.5L with us for the down payment."
CUST101589,Home Loan - Hot Lead,Very High,0.9,49300.0,11800.0,0.0,2161900.0,2789000.0,24600.0,-1465000.0,"Pays Rs 11,800 rent (24% of income). Qualifies for about Rs 27.9L at an EMI of Rs 24,600, and already holds Rs 21.6L with us for the down payment."
CUST107245,Home Loan - Hot Lead,Very High,0.9,54800.0,21700.0,0.0,981600.0,2791000.0,24700.0,-284000.0,"Pays Rs 21,700 rent (40% of income). Qualifies for about Rs 27.9L at an EMI of Rs 24,700, and already holds Rs 9.8L with us for the down payment."
CUST101845,Home Loan - Hot Lead,Very High,0.9,83600.0,27800.0,0.0,2504100.0,4257000.0,37600.0,-1440000.0,"Pays Rs 27,800 rent (33% of income). Qualifies for about Rs 42.6L at an EMI of Rs 37,600, and already holds Rs 25.0L with us for the down payment."
CUST103410,Home Loan - Hot Lead,Very High,0.9,90900.0,13200.0,15000.0,2551200.0,3446000.0,30400.0,-1689000.0,"Pays Rs 13,200 rent (14% of income). Qualifies for about Rs 34.5L at an EMI of Rs 30,400, and already holds Rs 25.5L with us for the down payment."
CUST105104,Credit Health Fix,Medium,0.9,73100.0,21200.0,0.0,2189500.0,3061000.0,27000.0,-1424000.0,"Interested, but FOIR is 0% and card utilisation 0%. Consolidate the card debt first, then revisit in 2 quarters."
CUST102868,Home Loan - Hot Lead,Very High,0.9,75400.0,25300.0,7300.0,1223800.0,3440000.0,30400.0,-364000.0,"Pays Rs 25,300 rent (34% of income). Qualifies for about Rs 34.4L at an EMI of Rs 30,400, and already holds Rs 12.2L with us for the down payment."
CUST107801,Home Loan - Hot Lead,Very High,0.9,62500.0,14200.0,5600.0,1365200.0,2549000.0,22500.0,-728000.0,"Pays Rs 14,200 rent (23% of income). Qualifies for about Rs 25.5L at an EMI of Rs 22,500, and already holds Rs 13.7L with us for the down payment."
CUST106598,Home Loan - Hot Lead,Very High,0.899,66800.0,18700.0,0.0,914600.0,3402000.0,30100.0,-65000.0,"Pays Rs 18,700 rent (28% of income). Qualifies for about Rs 34.0L at an EMI of Rs 30,100, and already holds Rs 9.1L with us for the down payment."
CUST100046,Home Loan - Hot Lead,Very High,0.899,49100.0,20500.0,9700.0,884600.0,1403000.0,12400.0,-534000.0,"Pays Rs 20,500 rent (42% of income). Qualifies for about Rs 14.0L at an EMI of Rs 12,400, and already holds Rs 8.8L with us for the down payment."
CUST103014,Home Loan - Hot Lead,Very High,0.899,178900.0,53200.0,7300.0,5866300.0,9296000.0,82200.0,-3542000.0,"Pays Rs 53,200 rent (30% of income). Qualifies for about Rs 93.0L at an EMI of Rs 82,200, and already holds Rs 58.7L with us for the down payment."
CUST102073,Home Loan - Hot Lead,Very High,0.899,87600.0,22300.0,0.0,3409200.0,4461000.0,39400.0,-2294000.0,"Pays Rs 22,300 rent (26% of income). Qualifies for about Rs 44.6L at an EMI of Rs 39,400, and already holds Rs 34.1L with us for the down payment."
CUST103754,Home Loan - Hot Lead,Very High,0.898,176800.0,22000.0,12300.0,2410200.0,9612000.0,84900.0,-7000.0,"Pays Rs 22,000 rent (12% of income). Qualifies for about Rs 96.1L at an EMI of Rs 84,900, and already holds Rs 24.1L with us for the down payment."
CUST100087,Home Loan - Hot Lead,Very High,0.898,82600.0,19100.0,11800.0,2483300.0,2871000.0,25400.0,-1765000.0,"Pays Rs 19,100 rent (23% of income). Qualifies for about Rs 28.7L at an EMI of Rs 25,400, and already holds Rs 24.8L with us for the down payment."
CUST106447,Home Loan - Hot Lead,Very High,0.898,66200.0,27200.0,0.0,1690900.0,3371000.0,29800.0,-848000.0,"Pays Rs 27,200 rent (41% of income). Qualifies for about Rs 33.7L at an EMI of Rs 29,800, and already holds Rs 16.9L with us for the down payment."
CUST107695,Home Loan - Hot Lead,Very High,0.897,71300.0,21900.0,13900.0,2406300.0,2461000.0,21800.0,-1791000.0,"Pays Rs 21,900 rent (31% of income). Qualifies for about Rs 24.6L at an EMI of Rs 21,800, and already holds Rs 24.1L with us for the down payment."
CUST100663,Relationship Deepening,Low,0.897,76100.0,0.0,0.0,2702900.0,4306000.0,38000.0,-1627000.0,No strong signal yet. Keep engaged through card or insurance cross-sell and re-score next quarter.
CUST103799,Home Loan + Save-up Plan,High,0.897,66400.0,20500.0,4300.0,93500.0,3270000.0,28900.0,724000.0,Strong intent but Rs 7.2L short on the down payment. Start an RD or SIP now and they are loan-ready in about 32 months. Keeps the customer with us instead of losing them to a competitor.
CUST107504,Home Loan - Hot Lead,Very High,0.897,160200.0,65500.0,44300.0,4345700.0,4958000.0,43800.0,-3106000.0,"Pays Rs 65,500 rent (41% of income). Qualifies for about Rs 49.6L at an EMI of Rs 43,800, and already holds Rs 43.5L with us for the down payment."
CUST100086,Home Loan - Hot Lead,Very High,0.897,68900.0,15300.0,11400.0,2130600.0,2218000.0,19600.0,-1577000.0,"Pays Rs 15,300 rent (22% of income). Qualifies for about Rs 22.2L at an EMI of Rs 19,600, and already holds Rs 21.3L with us for the down payment."
CUST105781,Relationship Deepening,Low,0.897,37500.0,0.0,2000.0,1289200.0,1895000.0,16800.0,-815000.0,No strong signal yet. Keep engaged through card or insurance cross-sell and re-score next quarter.
CUST100747,Home Loan + Save-up Plan,High,0.897,100900.0,31000.0,6700.0,440500.0,4951000.0,43800.0,798000.0,Strong intent but Rs 8.0L short on the down payment. Start an RD or SIP now and they are loan-ready in about 29 months. Keeps the customer with us instead of losing them to a competitor.
CUST101593,Home Loan - Hot Lead,Very High,0.896,69500.0,25300.0,10500.0,2068300.0,2744000.0,24200.0,-1382000.0,"Pays Rs 25,300 rent (36% of income). Qualifies for about Rs 27.4L at an EMI of Rs 24,200, and already holds Rs 20.7L with us for the down payment."
CUST106241,Relationship Deepening,Low,0.896,87100.0,0.0,8300.0,1480300.0,3989000.0,35200.0,-483000.0,No strong signal yet. Keep engaged through card or insurance cross-sell and re-score next quarter.
CUST100541,Home Loan - Hot Lead,Very High,0.896,25000.0,10400.0,2400.0,745100.0,1001000.0,8800.0,-495000.0,"Pays Rs 10,400 rent (42% of income). Qualifies for about Rs 10.0L at an EMI of Rs 8,800, and already holds Rs 7.5L with us for the down payment."
CUST102958,Home Loan - Hot Lead,Very High,0.896,77700.0,32200.0,5400.0,2112800.0,3346000.0,29600.0,-1277000.0,"Pays Rs 32,200 rent (41% of income). Qualifies for about Rs 33.5L at an EMI of Rs 29,600, and already holds Rs 21.1L with us for the down payment."
CUST100362,Home Loan - Hot Lead,Very High,0.895,34900.0,14000.0,6200.0,980800.0,1076000.0,9500.0,-712000.0,"Pays Rs 14,000 rent (40% of income). Qualifies for about Rs 10.8L at an EMI of Rs 9,500, and already holds Rs 9.8L with us for the down payment."
CUST100495,Credit Health Fix,Medium,0.895,56200.0,21800.0,0.0,2224300.0,2353000.0,20800.0,-1636000.0,"Interested, but FOIR is 0% and card utilisation 0%. Consolidate the card debt first, then revisit in 2 quarters."
CUST104721,Home Loan - Hot Lead,Very High,0.895,68700.0,21900.0,0.0,1972200.0,3498000.0,30900.0,-1098000.0,"Pays Rs 21,900 rent (32% of income). Qualifies for about Rs 35.0L at an EMI of Rs 30,900, and already holds Rs 19.7L with us for the down payment."
CUST107258,Home Loan - Hot Lead,Very High,0.895,155300.0,50500.0,39200.0,4576700.0,5230000.0,46200.0,-3269000.0,"Pays Rs 50,500 rent (32% of income). Qualifies for about Rs 52.3L at an EMI of Rs 46,200, and already holds Rs 45.8L with us for the down payment."
CUST102040,Home Loan - Hot Lead,Very High,0.895,140100.0,57200.0,0.0,5872800.0,8719000.0,77100.0,-3693000.0,"Pays Rs 57,200 rent (41% of income). Qualifies for about Rs 87.2L at an EMI of Rs 77,100, and already holds Rs 58.7L with us for the down payment."
CUST107163,Home Loan - Hot Lead,Very High,0.894,88500.0,30800.0,6900.0,2115900.0,4226000.0,37400.0,-1060000.0,"Pays Rs 30,800 rent (35% of income). Qualifies for about Rs 42.3L at an EMI of Rs 37,400, and already holds Rs 21.2L with us for the down payment."
CUST101020,Home Loan - Hot Lead,Very High,0.893,47400.0,18900.0,0.0,1595100.0,2414000.0,21300.0,-991000.0,"Pays Rs 18,900 rent (40% of income). Qualifies for about Rs 24.1L at an EMI of Rs 21,300, and already holds Rs 16.0L with us for the down payment."
CUST100646,Home Loan - Hot Lead,Very High,0.893,114500.0,38500.0,7100.0,2098500.0,5675000.0,50200.0,-680000.0,"Pays Rs 38,500 rent (34% of income). Qualifies for about Rs 56.8L at an EMI of Rs 50,200, and already holds Rs 21.0L with us for the down payment."
CUST100968,Relationship Deepening,Low,0.893,72400.0,0.0,0.0,2128300.0,4096000.0,36200.0,-1104000.0,No strong signal yet. Keep engaged through card or insurance cross-sell and re-score next quarter.
CUST107367,Balance Transfer,Very High,0.892,40400.0,14100.0,0.0,1448800.0,2286000.0,20200.0,-877000.0,"Paying 10.02% elsewhere. Switching to 8.6% saves about Rs 1,976 a month (Rs 4.7L over the tenure)."
CUST105130,Home Loan - Hot Lead,Very High,0.892,96300.0,28300.0,0.0,2262000.0,5449000.0,48200.0,-900000.0,"Pays Rs 28,300 rent (29% of income). Qualifies for about Rs 54.5L at an EMI of Rs 48,200, and already holds Rs 22.6L with us for the down payment."
CUST105773,Relationship Deepening,Low,0.892,90000.0,0.0,9700.0,2915700.0,3995000.0,35300.0,-1917000.0,No strong signal yet. Keep engaged through card or insurance cross-sell and re-score next quarter.
CUST100553,Home Loan - Hot Lead,Very High,0.892,75600.0,12000.0,0.0,1248100.0,3850000.0,34000.0,-286000.0,"Pays Rs 12,000 rent (16% of income). Qualifies for about Rs 38.5L at an EMI of Rs 34,000, and already holds Rs 12.5L with us for the down payment."
CUST107790,Home Loan - Hot Lead,Very High,0.891,74500.0,20300.0,5400.0,2005700.0,3183000.0,28100.0,-1210000.0,"Pays Rs 20,300 rent (27% of income). Qualifies for about Rs 31.8L at an EMI of Rs 28,100, and already holds Rs 20.1L with us for the down payment."
CUST106369,Home Loan - Hot Lead,Very High,0.891,72400.0,9500.0,0.0,1090300.0,4096000.0,36200.0,-66000.0,"Pays Rs 9,500 rent (13% of income). Qualifies for about Rs 41.0L at an EMI of Rs 36,200, and already holds Rs 10.9L with us for the down payment."
CUST100327,Home Loan + Save-up Plan,High,0.891,58400.0,8400.0,0.0,336600.0,3304000.0,29200.0,489000.0,Strong intent but Rs 4.9L short on the down payment. Start an RD or SIP now and they are loan-ready in about 27 months. Keeps the customer with us instead of losing them to a competitor.
CUST103134,Home Loan - Hot Lead,Very High,0.891,149100.0,28700.0,0.0,5113300.0,9280000.0,82000.0,-2793000.0,"Pays Rs 28,700 rent (19% of income). Qualifies for about Rs 92.8L at an EMI of Rs 82,000, and already holds Rs 51.1L with us for the down payment."
CUST100257,Top-up Loan,Medium,0.89,42800.0,17500.0,2800.0,1786300.0,2105000.0,18600.0,-1260000.0,Existing home loan with a clean repayment record and room under the FOIR cap. Eligible for a top-up.
CUST102327,Balance Transfer,Very High,0.89,113200.0,38700.0,24200.0,2044900.0,4307000.0,38100.0,-968000.0,"Paying 9.98% elsewhere. Switching to 8.6% saves about Rs 1,763 a month (Rs 4.2L over the tenure)."
CUST102963,Home Loan - Hot Lead,Very High,0.89,205100.0,28300.0,26200.0,10652100.0,8640000.0,76400.0,-8492000.0,"Pays Rs 28,300 rent (14% of income). Qualifies for about Rs 86.4L at an EMI of Rs 76,400, and already holds Rs 106.5L with us for the down payment."
CUST101306,Relationship Deepening,Low,0.89,55800.0,0.0,0.0,1840900.0,3157000.0,27900.0,-1052000.0,No strong signal yet. Keep engaged through card or insurance cross-sell and re-score next quarter.
CUST107831,Home Loan - Hot Lead,Very High,0.89,57200.0,7400.0,2700.0,1533400.0,2931000.0,25900.0,-800000.0,"Pays Rs 7,400 rent (13% of income). Qualifies for about Rs 29.3L at an EMI of Rs 25,900, and already holds Rs 15.3L with us for the down payment."
CUST106843,Home Loan - Hot Lead,Very High,0.89,179000.0,57100.0,26200.0,5465400.0,7163000.0,63300.0,-3674000.0,"Pays Rs 57,100 rent (32% of income). Qualifies for about Rs 71.6L at an EMI of Rs 63,300, and already holds Rs 54.7L with us for the down payment."
CUST107773,Home Loan - Hot Lead,Very High,0.889,119500.0,41500.0,0.0,4868300.0,6761000.0,59800.0,-3178000.0,"Pays Rs 41,500 rent (35% of income). Qualifies for about Rs 67.6L at an EMI of Rs 59,800, and already holds Rs 48.7L with us for the down payment."
CUST104128,Balance Transfer,Very High,0.889,230400.0,93400.0,11300.0,8000100.0,11757000.0,103900.0,-5061000.0,"Paying 9.66% elsewhere. Switching to 8.6% saves about Rs 7,900 a month (Rs 19.0L over the tenure)."
CUST106813,Home Loan + Save-up Plan,High,0.888,35700.0,4400.0,0.0,387100.0,2020000.0,17800.0,118000.0,Strong intent but Rs 1.2L short on the down payment. Start an RD or SIP now and they are loan-ready in about 6 months. Keeps the customer with us instead of losing them to a competitor.
CUST106095,Home Loan - Hot Lead,Very High,0.888,67600.0,17300.0,7300.0,1897000.0,2616000.0,23100.0,-1243000.0,"Pays Rs 17,300 rent (26% of income). Qualifies for about Rs 26.2L at an EMI of Rs 23,100, and already holds Rs 19.0L with us for the down payment."
CUST104917,Home Loan - Hot Lead,Very High,0.888,57100.0,18700.0,14000.0,1629300.0,1323000.0,11700.0,-1298000.0,"Pays Rs 18,700 rent (33% of income). Qualifies for about Rs 13.2L at an EMI of Rs 11,700, and already holds Rs 16.3L with us for the down payment."
CUST106671,Home Loan - Hot Lead,Very High,0.888,61500.0,20300.0,0.0,1681900.0,3480000.0,30800.0,-812000.0,"Pays Rs 20,300 rent (33% of income). Qualifies for about Rs 34.8L at an EMI of Rs 30,800, and already holds Rs 16.8L with us for the down payment."
CUST106589,Relationship Deepening,Low,0.887,66600.0,0.0,4300.0,2195300.0,3282000.0,29000.0,-1375000.0,No strong signal yet. Keep engaged through card or insurance cross-sell and re-score next quarter.
CUST101240,Relationship Deepening,Low,0.887,72600.0,0.0,0.0,4801300.0,3697000.0,32700.0,-3877000.0,No strong signal yet. Keep engaged through card or insurance cross-sell and re-score next quarter.
CUST104674,Home Loan - Hot Lead,Very High,0.887,36700.0,13100.0,8200.0,881900.0,941000.0,8300.0,-647000.0,"Pays Rs 13,100 rent (36% of income). Qualifies for about Rs 9.4L at an EMI of Rs 8,300, and already holds Rs 8.8L with us for the down payment."
CUST101695,Home Loan - Hot Lead,Very High,0.887,35300.0,11700.0,1700.0,2013500.0,1605000.0,14200.0,-1612000.0,"Pays Rs 11,700 rent (33% of income). Qualifies for about Rs 16.1L at an EMI of Rs 14,200, and already holds Rs 20.1L with us for the down payment."
CUST100967,Home Loan - Hot Lead,Very High,0.887,59900.0,23100.0,3800.0,2057100.0,2620000.0,23200.0,-1402000.0,"Pays Rs 23,100 rent (39% of income). Qualifies for about Rs 26.2L at an EMI of Rs 23,200, and already holds Rs 20.6L with us for the down payment."
CUST102089,Home Loan - Hot Lead,Very High,0.887,203600.0,49000.0,24700.0,6534700.0,8725000.0,77100.0,-4354000.0,"Pays Rs 49,000 rent (24% of income). Qualifies for about Rs 87.2L at an EMI of Rs 77,100, and already holds Rs 65.3L with us for the down payment."
CUST100068,Home Loan - Hot Lead,Very High,0.887,39900.0,11600.0,4100.0,1266500.0,1794000.0,15800.0,-818000.0,"Pays Rs 11,600 rent (29% of income). Qualifies for about Rs 17.9L at an EMI of Rs 15,800, and already holds Rs 12.7L with us for the down payment."
CUST106721,Home Loan - Hot Lead,Very High,0.886,58700.0,10700.0,0.0,3208200.0,3321000.0,29400.0,-2378000.0,"Pays Rs 10,700 rent (18% of income). Qualifies for about Rs 33.2L at an EMI of Rs 29,400, and already holds Rs 32.1L with us for the down payment."
CUST101935,Home Loan - Hot Lead,Very High,0.886,50700.0,14200.0,3800.0,2690300.0,2152000.0,19000.0,-2152000.0,"Pays Rs 14,200 rent (28% of income). Qualifies for about Rs 21.5L at an EMI of Rs 19,000, and already holds Rs 26.9L with us for the down payment."
CUST106688,Home Loan - Hot Lead,Very High,0.885,53600.0,17300.0,11200.0,1225500.0,1462000.0,12900.0,-860000.0,"Pays Rs 17,300 rent (32% of income). Qualifies for about Rs 14.6L at an EMI of Rs 12,900, and already holds Rs 12.3L with us for the down payment."
CUST100299,Relationship Deepening,Low,0.885,68300.0,0.0,11700.0,2447000.0,2154000.0,19000.0,-1909000.0,No strong signal yet. Keep engaged through card or insurance cross-sell and re-score next quarter.
CUST106185,Home Loan - Hot Lead,Very High,0.885,81600.0,21800.0,6600.0,1169700.0,3870000.0,34200.0,-202000.0,"Pays Rs 21,800 rent (27% of income). Qualifies for about Rs 38.7L at an EMI of Rs 34,200, and already holds Rs 11.7L with us for the down payment."
CUST102797,Home Loan - Hot Lead,Very High,0.885,84700.0,32400.0,0.0,5189200.0,4792000.0,42400.0,-3991000.0,"Pays Rs 32,400 rent (38% of income). Qualifies for about Rs 47.9L at an EMI of Rs 42,400, and already holds Rs 51.9L with us for the down payment."
CUST106687,Relationship Deepening,Low,0.885,39000.0,0.0,0.0,1285200.0,1986000.0,17600.0,-789000.0,No strong signal yet. Keep engaged through card or insurance cross-sell and re-score next quarter.
CUST107201,Relationship Deepening,Low,0.885,227900.0,0.0,0.0,7572500.0,12894000.0,114000.0,-4348000.0,No strong signal yet. Keep engaged through card or insurance cross-sell and re-score next quarter.
CUST100204,Home Loan - Hot Lead,Very High,0.885,107700.0,15300.0,10200.0,2452700.0,5549000.0,49000.0,-1066000.0,"Pays Rs 15,300 rent (14% of income). Qualifies for about Rs 55.5L at an EMI of Rs 49,000, and already holds Rs 24.5L with us for the down payment."
CUST104796,Balance Transfer,Very High,0.884,144000.0,36600.0,0.0,8936000.0,8147000.0,72000.0,-6899000.0,"Paying 10.09% elsewhere. Switching to 8.6% saves about Rs 4,817 a month (Rs 11.6L over the tenure)."
CUST102903,Home Loan - Hot Lead,Very High,0.884,59200.0,19500.0,10000.0,2234800.0,1883000.0,16600.0,-1764000.0,"Pays Rs 19,500 rent (33% of income). Qualifies for about Rs 18.8L at an EMI of Rs 16,600, and already holds Rs 22.3L with us for the down payment."
CUST105785,Home Loan - Hot Lead,Very High,0.884,102600.0,23400.0,8800.0,3534400.0,5390000.0,47600.0,-2186000.0,"Pays Rs 23,400 rent (23% of income). Qualifies for about Rs 53.9L at an EMI of Rs 47,600, and already holds Rs 35.3L with us for the down payment."
CUST103885,Home Loan - Hot Lead,Very High,0.884,83600.0,29400.0,8500.0,982900.0,3768000.0,33300.0,-41000.0,"Pays Rs 29,400 rent (35% of income). Qualifies for about Rs 37.7L at an EMI of Rs 33,300, and already holds Rs 9.8L with us for the down payment."
CUST101293,Home Loan - Hot Lead,Very High,0.884,67100.0,19500.0,0.0,3866400.0,3417000.0,30200.0,-3012000.0,"Pays Rs 19,500 rent (29% of income). Qualifies for about Rs 34.2L at an EMI of Rs 30,200, and already holds Rs 38.7L with us for the down payment."
CUST105593,Home Loan - Hot Lead,Very High,0.884,54500.0,22100.0,3000.0,770600.0,2744000.0,24200.0,-85000.0,"Pays Rs 22,100 rent (41% of income). Qualifies for about Rs 27.4L at an EMI of Rs 24,200, and already holds Rs 7.7L with us for the down payment."
CUST100298,Home Loan - Hot Lead,Very High,0.884,158000.0,22900.0,0.0,4000200.0,8940000.0,79000.0,-1765000.0,"Pays Rs 22,900 rent (14% of income). Qualifies for about Rs 89.4L at an EMI of Rs 79,000, and already holds Rs 40.0L with us for the down payment."
CUST106108,Home Loan - Hot Lead,Very High,0.884,60700.0,25100.0,0.0,1253800.0,3091000.0,27300.0,-481000.0,"Pays Rs 25,100 rent (41% of income). Qualifies for about Rs 30.9L at an EMI of Rs 27,300, and already holds Rs 12.5L with us for the down payment."
CUST107319,Home Loan - Hot Lead,Very High,0.883,90600.0,30400.0,18100.0,2253600.0,2565000.0,22700.0,-1613000.0,"Pays Rs 30,400 rent (34% of income). Qualifies for about Rs 25.6L at an EMI of Rs 22,700, and already holds Rs 22.5L with us for the down payment."
CUST105220,Home Loan - Hot Lead,Very High,0.883,53100.0,12000.0,4200.0,1760400.0,2229000.0,19700.0,-1203000.0,"Pays Rs 12,000 rent (23% of income). Qualifies for about Rs 22.3L at an EMI of Rs 19,700, and already holds Rs 17.6L with us for the down payment."
CUST102385,Top-up Loan,Medium,0.883,36300.0,15100.0,6600.0,941900.0,1102000.0,9700.0,-666000.0,Existing home loan with a clean repayment record and room under the FOIR cap. Eligible for a top-up.
CUST102747,Home Loan - Hot Lead,Very High,0.883,72300.0,25900.0,3200.0,2491000.0,3729000.0,33000.0,-1559000.0,"Pays Rs 25,900 rent (36% of income). Qualifies for about Rs 37.3L at an EMI of Rs 33,000, and already holds Rs 24.9L with us for the down payment."
CUST105488,Home Loan - Hot Lead,Very High,0.883,50200.0,19500.0,3100.0,1820900.0,2490000.0,22000.0,-1199000.0,"Pays Rs 19,500 rent (39% of income). Qualifies for about Rs 24.9L at an EMI of Rs 22,000, and already holds Rs 18.2L with us for the down payment."
CUST102657,Home Loan - Hot Lead,Very High,0.883,103000.0,38600.0,7300.0,3091900.0,5002000.0,44200.0,-1842000.0,"Pays Rs 38,600 rent (38% of income). Qualifies for about Rs 50.0L at an EMI of Rs 44,200, and already holds Rs 30.9L with us for the down payment."
CUST103922,Relationship Deepening,Low,0.882,115400.0,0.0,22500.0,2327800.0,4636000.0,41000.0,-1169000.0,No strong signal yet. Keep engaged through card or insurance cross-sell and re-score next quarter.
CUST106983,Home Loan - Hot Lead,Very High,0.882,64400.0,14300.0,13100.0,2737400.0,1797000.0,15900.0,-2288000.0,"Pays Rs 14,300 rent (22% of income). Qualifies for about Rs 18.0L at an EMI of Rs 15,900, and already holds Rs 27.4L with us for the down payment."
CUST105645,Home Loan - Hot Lead,Very High,0.882,116000.0,14800.0,11900.0,2653900.0,5217000.0,46100.0,-1350000.0,"Pays Rs 14,800 rent (13% of income). Qualifies for about Rs 52.2L at an EMI of Rs 46,100, and already holds Rs 26.5L with us for the down payment."
CUST104662,Home Loan - Hot Lead,Very High,0.882,86400.0,29000.0,7300.0,3266400.0,4062000.0,35900.0,-2250000.0,"Pays Rs 29,000 rent (34% of income). Qualifies for about Rs 40.6L at an EMI of Rs 35,900, and already holds Rs 32.7L with us for the down payment."
CUST107861,Relationship Deepening,Low,0.882,87400.0,0.0,9400.0,3396600.0,3881000.0,34300.0,-2427000.0,No strong signal yet. Keep engaged through card or insurance cross-sell and re-score next quarter.
CUST101081,Home Loan - Hot Lead,Very High,0.882,58500.0,22300.0,0.0,1481200.0,2979000.0,26300.0,-736000.0,"Pays Rs 22,300 rent (38% of income). Qualifies for about Rs 29.8L at an EMI of Rs 26,300, and already holds Rs 14.8L with us for the down payment."
CUST105573,Home Loan - Hot Lead,Very High,0.882,104200.0,41600.0,5300.0,6840800.0,5296000.0,46800.0,-5517000.0,"Pays Rs 41,600 rent (40% of income). Qualifies for about Rs 53.0L at an EMI of Rs 46,800, and already holds Rs 68.4L with us for the down payment."
CUST103781,Relationship Deepening,Low,0.881,56900.0,0.0,4900.0,1259000.0,2665000.0,23600.0,-593000.0,No strong signal yet. Keep engaged through card or insurance cross-sell and re-score next quarter.
CUST104719,Home Loan - Hot Lead,Very High,0.881,54900.0,11500.0,6500.0,1940200.0,2060000.0,18200.0,-1425000.0,"Pays Rs 11,500 rent (21% of income). Qualifies for about Rs 20.6L at an EMI of Rs 18,200, and already holds Rs 19.4L with us for the down payment."
CUST103343,Home Loan - Hot Lead,Very High,0.881,80900.0,19200.0,4900.0,2022500.0,3565000.0,31500.0,-1132000.0,"Pays Rs 19,200 rent (24% of income). Qualifies for about Rs 35.6L at an EMI of Rs 31,500, and already holds Rs 20.2L with us for the down payment."
CUST103702,Home Loan - Hot Lead,Very High,0.881,73800.0,10500.0,6000.0,2256200.0,3079000.0,27200.0,-1486000.0,"Pays Rs 10,500 rent (14% of income). Qualifies for about Rs 30.8L at an EMI of Rs 27,200, and already holds Rs 22.6L with us for the down payment."
CUST102905,Home Loan - Hot Lead,Very High,0.881,96700.0,33900.0,19700.0,2235200.0,2695000.0,23800.0,-1561000.0,"Pays Rs 33,900 rent (35% of income). Qualifies for about Rs 26.9L at an EMI of Rs 23,800, and already holds Rs 22.4L with us for the down payment."
CUST105793,Home Loan - Hot Lead,Very High,0.88,151900.0,55400.0,0.0,6093900.0,9454000.0,83500.0,-3730000.0,"Pays Rs 55,400 rent (36% of income). Qualifies for about Rs 94.5L at an EMI of Rs 83,500, and already holds Rs 60.9L with us for the down payment."
CUST107393,Home Loan + Save-up Plan,High,0.88,59100.0,21600.0,0.0,486000.0,3009000.0,26600.0,266000.0,Strong intent but Rs 2.7L short on the down payment. Start an RD or SIP now and they are loan-ready in about 18 months. Keeps the customer with us instead of losing them to a competitor.
CUST101311,Home Loan - Hot Lead,Very High,0.88,48900.0,18800.0,0.0,827300.0,2767000.0,24400.0,-135000.0,"Pays Rs 18,800 rent (38% of income). Qualifies for about Rs 27.7L at an EMI of Rs 24,400, and already holds Rs 8.3L with us for the down payment."
CUST102645,Home Loan - Hot Lead,Very High,0.88,35400.0,10100.0,3800.0,678700.0,1373000.0,12100.0,-336000.0,"Pays Rs 10,100 rent (28% of income). Qualifies for about Rs 13.7L at an EMI of Rs 12,100, and already holds Rs 6.8L with us for the down payment."
CUST106446,Relationship Deepening,Low,0.88,127200.0,0.0,40100.0,2308100.0,3379000.0,29900.0,-1463000.0,No strong signal yet. Keep engaged through card or insurance cross-sell and re-score next quarter.
CUST100528,Home Loan - Hot Lead,Very High,0.88,61500.0,22900.0,0.0,3206000.0,3132000.0,27700.0,-2423000.0,"Pays Rs 22,900 rent (37% of income). Qualifies for about Rs 31.3L at an EMI of Rs 27,700, and already holds Rs 32.1L with us for the down payment."
CUST102768,Relationship Deepening,Low,0.879,103100.0,0.0,7800.0,3500900.0,4951000.0,43800.0,-2263000.0,No strong signal yet. Keep engaged through card or insurance cross-sell and re-score next quarter.
CUST103418,Home Loan - Hot Lead,Very High,0.879,68000.0,22500.0,0.0,1493600.0,3463000.0,30600.0,-628000.0,"Pays Rs 22,500 rent (33% of income). Qualifies for about Rs 34.6L at an EMI of Rs 30,600, and already holds Rs 14.9L with us for the down payment."
CUST106505,Relationship Deepening,Low,0.879,69800.0,0.0,0.0,3216200.0,3554000.0,31400.0,-2328000.0,No strong signal yet. Keep engaged through card or insurance cross-sell and re-score next quarter.
CUST102823,Home Loan - Hot Lead,Very High,0.878,131500.0,24600.0,0.0,3210700.0,7440000.0,65800.0,-1351000.0,"Pays Rs 24,600 rent (19% of income). Qualifies for about Rs 74.4L at an EMI of Rs 65,800, and already holds Rs 32.1L with us for the down payment."
CUST101328,Home Loan - Hot Lead,Very High,0.878,56200.0,15900.0,5900.0,3255300.0,2194000.0,19400.0,-2707000.0,"Pays Rs 15,900 rent (28% of income). Qualifies for about Rs 21.9L at an EMI of Rs 19,400, and already holds Rs 32.6L with us for the down payment."
CUST101611,Home Loan - Hot Lead,Very High,0.878,64700.0,16800.0,13500.0,1133400.0,2133000.0,18800.0,-600000.0,"Pays Rs 16,800 rent (26% of income). Qualifies for about Rs 21.3L at an EMI of Rs 18,800, and already holds Rs 11.3L with us for the down payment."
